"","date","tests","id","hosp","deaths","new_deaths","confirmed","new_confirmed","population","administrative_area_level","administrative_area_level_1","administrative_area_level_2","administrative_area_level_3","weekend","cs","p2.5_signal","p97.5_signal","mean_signal","p2.5_position","p97.5_position","mean_position","p2.5_growth_rate","p97.5_growth_rate","p25_growth_rate","p75_growth_rate","growth_rate","percentile_0_growth_rate","dispersion","z_score_growth_rate","error...30","error...31","error","p2.5_signal_deaths","p97.5_signal_deaths","mean_signal_deaths","p2.5_position_deaths","p97.5_position_deaths","mean_position_deaths","p2.5_growth_rate_deaths","p97.5_growth_rate_deaths","p25_growth_rate_deaths","p75_growth_rate_deaths","growth_rate_deaths","percentile_0_growth_rate_deaths","dispersion_deaths","z_score_growth_rate_deaths","country","state","county","deaths_pc"
"1",2020-03-02,NA,"7270561f",NA,0,0,1,0,8336817,3,"United States","New York","New York City",FALSE,0,NA,NA,NA,NA,NA,NA,NA,NA,NA,NA,NA,NA,NA,NA,NA,NA,NA,NA,NA,NA,NA,NA,NA,NA,NA,NA,NA,NA,NA,NA,NA,"United States","New York","New York City",0
"2",2020-03-03,NA,"7270561f",NA,0,0,2,1,8336817,3,"United States","New York","New York City",FALSE,0,0.239943570335255,0.981217958624363,0.485218445928636,-1.32834220358954,0.0750191206138378,-0.626661541487852,0.344156969844855,0.590586932016518,0.424969517789804,0.509774384071569,0.467371950930686,5.25130084293398e-14,2.8070907679837,7.43442220366254,NA,NA,NA,NA,NA,NA,NA,NA,NA,NA,NA,NA,NA,NA,NA,NA,NA,"United States","New York","New York City",0
"3",2020-03-04,NA,"7270561f",NA,0,0,2,0,8336817,3,"United States","New York","New York City",FALSE,0,0.465762797326344,1.57412327381838,0.856252333923915,-0.765323697395183,0.446744516280852,-0.159289590557165,0.353052888569553,0.582787615345433,0.428390515774409,0.507449988140577,0.467920251957493,7.0803965531913e-16,2.8070907679837,7.98405059909192,NA,NA,NA,NA,NA,NA,NA,NA,NA,NA,NA,NA,NA,NA,NA,NA,NA,"United States","New York","New York City",0
"4",2020-03-05,NA,"7270561f",NA,0,0,4,2,8336817,3,"United States","New York","New York City",FALSE,0,0.879779256470063,2.50500525726639,1.48453752485123,-0.211234780567653,0.828496103368308,0.308630661400327,0.362076514831252,0.574593017332922,0.431767715918016,0.504901816246158,0.468334766082087,2.84606468973952e-18,2.8070907679837,8.63856936683464,NA,NA,NA,NA,NA,NA,NA,NA,NA,NA,NA,NA,NA,NA,NA,NA,NA,"United States","New York","New York City",0
"5",2020-03-06,NA,"7270561f",NA,0,0,5,1,8336817,3,"United States","New York","New York City",FALSE,0,1.5273825226415,3.74014048267373,2.39010987309366,0.333138189761345,1.22079266520348,0.776965427482414,0.371291435768483,0.566443117697276,0.435288136954608,0.502446416511151,0.468867276732879,2.30022088639466e-21,2.8070907679837,9.41793549349095,NA,NA,NA,NA,NA,NA,NA,NA,NA,NA,NA,NA,NA,NA,NA,NA,NA,"United States","New York","New York City",0
"6",2020-03-07,NA,"7270561f",NA,0,NA,12,7,8336817,3,"United States","New York","New York City",TRUE,0,2.62206013402775,5.64108593940262,3.8459415692821,0.867444168421863,1.62422124000872,1.24583270421529,0.379802717421502,0.557939710392078,0.438219738462051,0.499522689351529,0.46887121390679,2.93440182790434e-25,2.8070907679837,10.3175727547695,NA,NA,NA,NA,NA,NA,NA,NA,NA,NA,NA,NA,NA,NA,NA,NA,NA,"United States","New York","New York City",0
"7",2020-03-08,NA,"7270561f",NA,0,NA,14,2,8336817,3,"United States","New York","New York City",TRUE,0,3.8548297809518,7.45002302856388,5.35897104296009,1.3909829514817,2.03842488476246,1.71470391812208,0.388671585103905,0.550746304658938,0.441821254605463,0.49759663515738,0.469708944881422,3.29408039616803e-30,2.8070907679837,11.3603480877386,NA,NA,NA,NA,NA,NA,NA,NA,NA,NA,NA,NA,NA,NA,NA,NA,NA,"United States","New York","New York City",0
"8",2020-03-09,NA,"7270561f",NA,0,0,20,6,8336817,3,"United States","New York","New York City",FALSE,0,5.72313734894181,10.1441592636195,7.61947614703496,1.90484490915177,2.46398081685518,2.18441286300347,0.396271069433939,0.543788404533171,0.444646890338028,0.495412583629082,0.470029736983555,4.23585804346734e-36,2.8070907679837,12.4899403250595,NA,NA,NA,NA,NA,NA,NA,NA,NA,NA,NA,NA,NA,NA,NA,NA,NA,"United States","New York","New York City",0
"9",2020-03-10,NA,"7270561f",NA,0,0,37,17,8336817,3,"United States","New York","New York City",FALSE,0,10.0285313479519,16.617592887959,12.9093009572323,2.40922315383319,2.89966204614091,2.65444259998705,0.401806002845816,0.536680463566668,0.446035806427738,0.492450659984747,0.469243233206242,1.19219904655514e-42,2.8070907679837,13.6378649027833,NA,NA,NA,NA,NA,NA,NA,NA,NA,NA,NA,NA,NA,NA,NA,NA,NA,"United States","New York","New York City",0
"10",2020-03-11,NA,"7270561f",NA,0,0,52,15,8336817,3,"United States","New York","New York City",FALSE,0,18.1796539672276,28.6532669211337,22.8233756849599,2.90412366251846,3.34324800386812,3.12368583319329,0.40637068533031,0.530775277052121,0.447167072037895,0.489978890344536,0.468572981191215,1.24066945640026e-49,2.8070907679837,14.7645059487355,NA,NA,NA,NA,NA,NA,NA,NA,NA,NA,NA,NA,NA,NA,NA,NA,NA,"United States","New York","New York City",0
"11",2020-03-12,NA,"7270561f",NA,0,0,96,44,8336817,3,"United States","New York","New York City",FALSE,0,32.1070795561529,48.8320245582684,39.5961323538087,3.39110753798291,3.79341009078611,3.59225881438451,0.408183020709428,0.524353055777172,0.446279023508547,0.486257052978053,0.4662680382433,4.47185704453593e-56,2.8070907679837,15.7332923514415,NA,NA,NA,NA,NA,NA,NA,NA,NA,NA,NA,NA,NA,NA,NA,NA,NA,"United States","New York","New York City",0
"12",2020-03-13,NA,"7270561f",NA,0,0,155,59,8336817,3,"United States","New York","New York City",FALSE,0,52.2196812293283,77.5049701447079,63.6182743765127,3.87015197631031,4.24690172894531,4.05852685262781,0.408008107709206,0.518031222471803,0.444088331714643,0.481950998466366,0.463019665090505,1.9417493267882e-61,2.8070907679837,16.4965674652885,NA,NA,NA,NA,NA,NA,NA,NA,NA,NA,NA,NA,NA,NA,NA,NA,NA,"United States","New York","New York City",0
"13",2020-03-14,NA,"7270561f",NA,1,1,269,114,8336817,3,"United States","New York","New York City",TRUE,1,84.2297125964284,122.967094565834,101.771720208013,4.34186485877719,4.70122817665943,4.52154651771831,0.40549540618196,0.511144859461762,0.440141361703327,0.476498903940395,0.458320132821861,3.76237929471837e-65,2.8070907679837,17.0051226169894,NA,NA,NA,0.929756458682431,4.29202951774538,1.99763414192374,0.120809608852305,1.62179142621124,0.871300517531771,0.193309182765045,0.491375361725759,0.291054956719477,0.393629587771328,0.342342272245402,3.36249673616838e-06,1.03676099072371,4.50221173248262,"United States","New York","New York City",1.1994985616213e-07
"14",2020-03-15,NA,"7270561f",NA,5,4,330,61,8336817,3,"United States","New York","New York City",TRUE,5,116.754551424659,168.64494011858,140.321289666192,4.80608894865705,5.15364435242329,4.97986665054017,0.401748441738034,0.504412256119974,0.435415307361186,0.470745390496822,0.453080348929004,2.36856732874797e-67,2.8070907679837,17.2995942406734,NA,NA,NA,1.79816869400293,6.78964837922781,3.49412838327603,0.565868453166816,1.86141712638753,1.21364278977717,0.204838702425429,0.479225938708333,0.294819366676588,0.389245274457174,0.342032320566881,5.13707760809171e-07,1.03676099072371,4.88631351035997,"United States","New York","New York City",5.9974928081065e-07
"15",2020-03-16,NA,"7270561f",NA,7,2,464,134,8336817,3,"United States","New York","New York City",FALSE,7,163.911620055916,234.899117072376,196.221035643576,5.26324700124667,5.60264699769168,5.43294699946918,0.392498843549155,0.493188099483631,0.425518186047279,0.460168756985506,0.442843471516393,6.61567222915989e-67,2.8070907679837,17.2403152035535,NA,NA,NA,2.5342681661897,8.1114052101874,4.53392501120643,0.993751116946555,2.11759910374155,1.55567511034405,0.215687375020888,0.466917973371425,0.298074210596905,0.384531137795407,0.341302674196156,5.03893134297643e-08,1.03676099072371,5.32531430202874,"United States","New York","New York City",8.3964899313491e-07
"16",2020-03-17,NA,"7270561f",NA,11,4,646,182,8336817,3,"United States","New York","New York City",FALSE,11,270.969418423573,386.289035790773,323.531320541967,5.70898213381554,6.0425988081556,5.87579047098557,0.375330793693725,0.474733021915592,0.407928077170231,0.442135738439086,0.425031907804658,2.34775058765605e-63,2.8070907679837,16.7611379841126,NA,NA,NA,4.25169396022658,11.9549996414108,7.12944596514324,1.40355519719883,2.3904003718816,1.89697778454021,0.224445889195168,0.454028558401457,0.299733651685829,0.378740795910797,0.339237223798313,3.47381051267899e-09,1.03676099072371,5.79218582272528,"United States","New York","New York City",1.31944841778343e-06
"17",2020-03-18,NA,"7270561f",NA,25,14,1344,698,8336817,3,"United States","New York","New York City",FALSE,25,459.292773276253,652.072501511276,547.258793987175,6.1361078067206,6.46553695085985,6.30082237879023,0.346699273884765,0.445255395553503,0.379019090993997,0.412935578444271,0.395977334719134,3.46521877366528e-56,2.8070907679837,15.7494288858537,NA,NA,NA,5.472324620792,13.9980201741503,8.75224030984899,1.79450585123625,2.67792416544079,2.23621500833852,0.229854007686259,0.440145363128953,0.298815509341171,0.371183861474041,0.334999685407606,2.12512576733289e-10,1.03676099072371,6.24454882464325,"United States","New York","New York City",2.99874640405325e-06
"18",2020-03-19,NA,"7270561f",NA,31,6,2477,1133,8336817,3,"United States","New York","New York City",FALSE,31,742.141774641391,1050.48200868046,882.953329542944,6.53361198757054,6.85998743944819,6.69679971350936,0.309044236560907,0.40702848215081,0.341176516559667,0.37489620215205,0.358036359355859,7.803758928837e-47,2.8070907679837,14.3234938488037,NA,NA,NA,10.8444159477501,25.844492189238,16.7412192882859,2.1661762067424,2.97625318074985,2.57121469374612,0.232837289796372,0.426754207675893,0.296429070947396,0.363162426524869,0.329795748736132,1.30857045203036e-11,1.03676099072371,6.66664669432129,"United States","New York","New York City",3.71844554102603e-06
"19",2020-03-20,NA,"7270561f",NA,54,23,4419,1942,8336817,3,"United States","New York","New York City",FALSE,54,1071.21526505021,1513.03208511891,1273.09978638366,6.89275406838584,7.2169180773446,7.05483607286522,0.264867238737005,0.362451355530247,0.296868303248495,0.330450291018757,0.313659297133626,1.06095029208546e-36,2.8070907679837,12.599610387428,NA,NA,NA,11.324547762401,25.8676889714271,17.1154865329578,2.52030682565235,3.28171405931218,2.90101044248226,0.231792022276854,0.412539433086445,0.291065085800681,0.353266369562617,0.322165727681649,1.40500115084399e-12,1.03676099072371,6.98691306814188,"United States","New York","New York City",6.47729223275502e-06
"20",2020-03-21,NA,"7270561f",NA,75,21,6226,1807,8336817,3,"United States","New York","New York City",TRUE,75,1477.02228784842,2083.03005136077,1754.04726621545,7.20720088794173,7.52978985205596,7.36849536999885,0.218769817610421,0.316066238519444,0.250676537111133,0.284159519018732,0.267418028064932,2.28671048753178e-27,2.8070907679837,10.7738742890466,NA,NA,NA,14.0952236631235,31.2444704580251,20.9856569909479,2.85767020824907,3.5886821320788,3.22317617016394,0.227525623505717,0.398263254093631,0.283516148506411,0.342272729092936,0.312894438799674,3.39310173596165e-13,1.03676099072371,7.18367507969439,"United States","New York","New York City",8.99623921215975e-06
"21",2020-03-22,NA,"7270561f",NA,119,44,9065,2839,8336817,3,"United States","New York","New York City",TRUE,119,1683.13083462398,2372.15001898515,1998.15886288047,7.47516811746407,7.79665867866349,7.63591339806378,0.171032404631939,0.268119933546881,0.202870621527942,0.236281716650877,0.21957616908941,3.81044265883766e-19,2.8070907679837,8.86543077341188,NA,NA,NA,24.1529734929997,52.5947365829756,35.6415386671215,3.17964657489012,3.89249464303711,3.53607060896361,0.220211704653211,0.383755263394599,0.273843055181397,0.330123912866413,0.301983484023905,2.27415988285097e-13,1.03676099072371,7.23815425282159,"United States","New York","New York City",1.42740328832935e-05
"22",2020-03-23,NA,"7270561f",NA,155,36,12329,3264,8336817,3,"United States","New York","New York City",FALSE,155,1864.44342402238,2625.0383734477,2212.29191861765,7.69512015186456,8.01585898244181,7.85548956715319,0.125343839573236,0.222281172594062,0.157132802260102,0.190492209907195,0.173812506083649,1.04317564640739e-12,2.8070907679837,7.0285872608732,NA,NA,NA,30.2835716491382,65.1914688868146,44.432313904932,3.48699727745094,4.18911090852409,3.83805409298752,0.210684774850792,0.369336577734419,0.262711956586731,0.31730939599848,0.290010676292606,3.87489614026643e-13,1.03676099072371,7.16550925150907,"United States","New York","New York City",1.85922277051301e-05
"23",2020-03-24,NA,"7270561f",NA,230,75,14943,2614,8336817,3,"United States","New York","New York City",FALSE,230,2349.27305916788,3306.85820803731,2787.24109086929,7.86918633899005,8.18941780748363,8.02930207323684,0.085870710835516,0.182701982759667,0.117624892575356,0.150947801019827,0.134286346797591,2.72165636450139e-08,2.8070907679837,5.43618601942768,NA,NA,NA,45.3575485513657,97.1313716509453,66.3750021131336,3.78033654627069,4.47579299228955,4.12806476928012,0.198752051167308,0.354251039927528,0.249745320710655,0.303257770384181,0.276501545547418,1.58194082192012e-12,1.03676099072371,6.97024559790884,"United States","New York","New York City",2.75884669172899e-05
"24",2020-03-25,NA,"7270561f",NA,330,100,20061,5118,8336817,3,"United States","New York","New York City",FALSE,330,2971.8743113323,4181.50947963221,3525.18376898446,8.00364183928643,8.32353500078243,8.16358842003443,0.0520741959472518,0.148831899095885,0.0838042520485271,0.117101842994609,0.100453047521568,2.3543241364853e-05,2.8070907679837,4.06963681180243,NA,NA,NA,52.357748577291,111.857090379357,76.5283307976182,4.05916164252735,4.74997098712772,4.40456631482754,0.185005387133026,0.338569641962548,0.235364193329638,0.288210835765936,0.261787514547787,1.17475735948303e-11,1.03676099072371,6.68246787881107,"United States","New York","New York City",3.95834525335029e-05
"25",2020-03-26,NA,"7270561f",NA,435,105,23182,3121,8336817,3,"United States","New York","New York City",FALSE,435,3568.57502598452,5019.60515370613,4232.35603320643,8.10420622996233,8.42387670514967,8.264041467556,0.0279230824096975,0.124630304971659,0.0596365842543609,0.0929168031269957,0.0762766936906783,0.000994742715638913,2.8070907679837,3.09179745903129,NA,NA,NA,93.3911438192906,198.190670349683,136.048717003391,4.32283128585673,5.00987637289393,4.66635382937533,0.17044383669962,0.322866311323795,0.220428215343778,0.272881932679637,0.246655074011707,1.12406053448811e-10,1.03676099072371,6.34335668488529,"United States","New York","New York City",5.21781874305265e-05
"26",2020-03-27,NA,"7270561f",NA,560,125,25509,2327,8336817,3,"United States","New York","New York City",FALSE,560,3882.34488708505,5459.92066766686,4604.05202924624,8.18055514053888,8.50008118195447,8.34031816124668,0.0111153114508835,0.107788036597305,0.0428175004502145,0.0760858475979739,0.0594516740240942,0.00796156977206434,2.8070907679837,2.41067249798437,NA,NA,NA,87.9253116184611,186.322044214263,127.993842816472,4.57118248999923,5.25483531677484,4.91300890338704,0.154629897218562,0.306389871706563,0.204397020121793,0.256622748803332,0.230509884462563,1.30816245478023e-09,1.03676099072371,5.95402144934902,"United States","New York","New York City",6.71719194507928e-05
"27",2020-03-28,NA,"7270561f",NA,825,265,30919,5410,8336817,3,"United States","New York","New York City",TRUE,825,4148.59283683187,5833.58311920033,4919.46756685902,8.24005310108789,8.55948656945366,8.39976983527077,-0.00269056927307806,0.0939586026883109,0.0290038958566475,0.0622641375585853,0.0456340167076164,0.0320963580439979,2.8070907679837,1.85083901707008,NA,NA,NA,98.3460172538862,208.485937907995,143.19134627027,4.80328713205496,5.48375044364423,5.1435187878496,0.137607761977694,0.288974428787285,0.187245906264289,0.23933628450069,0.213291095382489,1.66081490921561e-08,1.03676099072371,5.52357892241424,"United States","New York","New York City",9.89586313337572e-05
"28",2020-03-29,NA,"7270561f",NA,991,166,33983,3064,8336817,3,"United States","New York","New York City",TRUE,991,3785.30105011867,5324.4417076022,4489.38913295364,8.28571689623685,8.60509080771993,8.44540385197839,-0.0126169827504705,0.0840164266300744,0.019072313306838,0.0523271305727659,0.0356997219398019,0.0737865877065909,2.8070907679837,1.44815689953693,NA,NA,NA,151.498882753746,319.87293745112,220.137213226214,5.01806901763787,5.6955507488263,5.35680988323209,0.121661879395687,0.272771708230584,0.17121579800225,0.22321778962402,0.197216793813135,1.56053886535836e-07,1.03676099072371,5.11598505538035,"United States","New York","New York City",0.000118870307456671
"29",2020-03-30,NA,"7270561f",NA,1202,211,38375,4392,8336817,3,"United States","New York","New York City",FALSE,1202,3487.62639728339,4904.06628411927,4135.64396757286,8.32143678585863,8.64077036197775,8.48110357391819,-0.0214513726047135,0.075172081887601,0.0102346589149742,0.0434860503679133,0.0268603546414437,0.137922482356066,2.8070907679837,1.08970079750958,NA,NA,NA,170.513141039899,358.191153265831,247.136194508333,5.21663860142553,5.89141475266491,5.55402667704522,0.106183869252645,0.25709888974885,0.155673903751644,0.207608855249852,0.181641379500748,1.19071515445486e-06,1.03676099072371,4.71802688364726,"United States","New York","New York City",0.00014417972710688
"30",2020-03-31,NA,"7270561f",NA,1475,273,43518,5143,8336817,3,"United States","New York","New York City",FALSE,1475,3793.17772434141,5334.65435095629,4498.36548660826,8.34831210945595,8.66761574766332,8.50796392855964,-0.0286486364270157,0.067968922563648,0.00303546176238367,0.0362848243742486,0.0196601430683162,0.212538769740857,2.8070907679837,0.797643259617602,NA,NA,NA,228.721811069724,479.786460550277,331.266702497839,5.39946280428255,6.07187330880939,5.73566805654597,0.0908072090543575,0.241553729219805,0.140241986713083,0.192118951561079,0.166180469137081,7.75690589728864e-06,1.03676099072371,4.3212637225082,"United States","New York","New York City",0.000176926037839142
"31",2020-04-01,NA,"7270561f",NA,1848,373,47914,4396,8336817,3,"United States","New York","New York City",FALSE,1848,4278.15176718837,6015.95648166845,5073.18192590983,8.36798397619116,8.68726416706475,8.52762407162795,-0.0329493971239604,0.0636647324746253,-0.00126642354582698,0.0319817588964919,0.0153576676753325,0.2666070689437,2.8070907679837,0.623107109803683,NA,NA,NA,236.192697144187,495.337057716745,342.045312287106,5.56663807359134,6.23705897777477,5.90184852568305,0.0750750070862638,0.225665669583732,0.124458673852649,0.176282002817347,0.150370338334998,4.53535591009729e-05,1.03676099072371,3.91419285355296,"United States","New York","New York City",0.000221667334187616
"32",2020-04-02,NA,"7270561f",NA,2152,304,52400,4486,8336817,3,"United States","New York","New York City",FALSE,2152,4717.6221765605,6633.23943000254,5594.02515523621,8.38335054006709,8.70261293853949,8.54298173930329,-0.035525757380402,0.0610860750497592,-0.00384353711989203,0.0294038547892492,0.0127801588346786,0.302040048707083,2.8070907679837,0.518542095778559,NA,NA,NA,376.469937439281,785.96946445351,543.961280894144,5.71781422811752,6.38662349991859,6.05221886401805,0.0592273035759937,0.209671973840205,0.10856309465289,0.160336182763309,0.134449638708099,0.000229880013636267,1.03676099072371,3.50316763152206,"United States","New York","New York City",0.000258132090460904
"33",2020-04-03,NA,"7270561f",NA,2648,496,57941,5541,8336817,3,"United States","New York","New York City",FALSE,2648,4816.35404278297,6771.64362400308,5710.92226744094,8.39613670922328,8.71538708705264,8.55576189813796,-0.0381181500375931,0.0584916943866441,-0.00643658171008114,0.0268101260591322,0.0101867721745255,0.339683692163975,2.8070907679837,0.413326544510527,NA,NA,NA,316.538327090545,661.056417074565,457.438184209902,5.85289286106492,6.52044414438739,6.18666850272615,0.0420966844213954,0.192406860827612,0.0913883705069517,0.143115174742056,0.117251772624504,0.00111484054314073,1.03676099072371,3.057800302841,"United States","New York","New York City",0.00031762721911732
"34",2020-04-04,NA,"7270561f",NA,3221,573,64274,6333,8336817,3,"United States","New York","New York City",TRUE,3221,4899.04357185472,6887.56964687206,5808.82981367248,8.40632683842902,8.72557050219596,8.56594867031249,-0.0409879541983826,0.0556199282074426,-0.00930702928170264,0.0239390032907627,0.00731598700453001,0.383290150986007,2.8070907679837,0.296850954252513,NA,NA,NA,315.897406460174,660.996880505552,456.954264921523,5.97061908784527,6.63722146285604,6.30392027535065,0.0239043263002818,0.174094681433897,0.0731567190212992,0.12484228871288,0.0989995038670896,0.00488506531863275,1.03676099072371,2.58386048683629,"United States","New York","New York City",0.000386358486698221
"35",2020-04-05,NA,"7270561f",NA,3646,425,68726,4452,8336817,3,"United States","New York","New York City",TRUE,3646,4301.85858989206,6050.29925839833,5101.71851792692,8.41364427515901,8.73288503947503,8.57326465731702,-0.0433421681900089,0.0532641129485981,-0.0116617683818941,0.0215837131404833,0.00496097237929461,0.420232770203068,2.8070907679837,0.201298033153036,NA,NA,NA,433.590237320969,905.621958248682,626.632938649195,6.06996451379783,6.73587504463766,6.40291977921774,0.00531959659469268,0.155408218179257,0.0545386275149054,0.106189187259045,0.0803639073869751,0.0179129405515425,1.03676099072371,2.09889813728001,"United States","New York","New York City",0.000437337175567126
"36",2020-04-06,NA,"7270561f",NA,4857,1211,73553,4827,8336817,3,"United States","New York","New York City",FALSE,4857,3843.50270173496,5404.03611524095,4557.45843746291,8.41860603351196,8.73784522588067,8.57822562969631,-0.04630002984722,0.0503055511262525,-0.0146198596464468,0.0186253809254792,0.00200276063951623,0.46761550140353,2.8070907679837,0.0812652578360685,NA,NA,NA,433.726038357696,903.232586599105,625.903739804456,6.15057205897516,6.81599531423428,6.48328368660472,-0.014509707952938,0.135496273750251,0.0346822226126061,0.0863043431847071,0.0604932828986566,0.0569619972870515,1.03676099072371,1.58079903803515,"United States","New York","New York City",0.000582596451379465
"37",2020-04-07,NA,"7270561f",NA,5631,774,78498,4945,8336817,3,"United States","New York","New York City",FALSE,5631,4077.55269847833,5734.26828660657,4835.47113794006,8.42060981150699,8.73984696916467,8.58022839033583,-0.0493421187068176,0.0472637262811383,-0.0176618619269494,0.0155834695012701,-0.00103919621283964,0.516817197320105,2.8070907679837,-0.0421669548108617,NA,NA,NA,514.876258204387,1072.91961830487,743.250185621834,6.21123111265477,6.87632282635198,6.54377696950338,-0.0331088462964935,0.116832709347414,0.0160619568300057,0.0676619062209146,0.0418619315254601,0.136890204616099,1.03676099072371,1.09439811746434,"United States","New York","New York City",0.000675437640048954
"38",2020-04-08,NA,"7270561f",NA,6441,810,83673,5175,8336817,3,"United States","New York","New York City",FALSE,6441,4504.63376202997,6334.17826719382,5341.64331241967,8.41957172910657,8.7388066591394,8.57918919412299,-0.0522692531789477,0.0443374293074616,-0.0205887217555933,0.0126568978841072,-0.00396591193574307,0.563922372996615,2.8070907679837,-0.160921467539421,NA,NA,NA,469.120395340841,979.074511473168,677.719574669666,6.25320146894945,6.91807633310822,6.58563890102884,-0.05036719223086,0.0995260734623271,-0.00121222497887641,0.0503711062103435,0.0245794406157336,0.260180739509566,1.03676099072371,0.642788295313902,"United States","New York","New York City",0.000772597023540279
"39",2020-04-09,NA,"7270561f",NA,7249,808,89127,5454,8336817,3,"United States","New York","New York City",FALSE,7249,4872.27056448188,6850.49700768801,5777.3242009281,8.41560619103394,8.73484037334056,8.57522328218725,-0.0553552818291341,0.0412522309880674,-0.023674478112807,0.00957142727174028,-0.00705152542053338,0.612607409006556,2.8070907679837,-0.286121347238602,NA,NA,NA,658.853612261656,1370.94247545833,950.394866441658,6.27784844879207,6.94258823449707,6.61021834164457,-0.0657664521071316,0.0840916861147373,-0.0166230043166415,0.0349482383242472,0.00916261700380284,0.405292274246113,1.03676099072371,0.239671993055192,"United States","New York","New York City",0.00086951650731928
"40",2020-04-10,NA,"7270561f",NA,7981,732,94702,5575,8336817,3,"United States","New York","New York City",FALSE,7981,4876.53131438838,6856.15372829996,5782.23558429743,8.40855343559895,8.72779007793448,8.56817175676671,-0.0590919224438642,0.037516031299004,-0.0274109741334047,0.00583508298854453,-0.0107879455724301,0.6692081271306,2.8070907679837,-0.437727619103042,NA,NA,NA,488.455319310696,1017.86281411793,705.110279236133,6.28704983302484,6.95171208427191,6.61938095864837,-0.0797023061064479,0.070131036120504,-0.0305669897440943,0.0209957197581504,-0.00478563499297192,0.549817946184175,1.03676099072371,-0.125201401636923,"United States","New York","New York City",0.000957319802029959
"41",2020-04-11,NA,"7270561f",NA,8734,753,100840,6138,8336817,3,"United States","New York","New York City",TRUE,8734,4857.26807296827,6828.82354072185,5759.29045632206,8.39776232880613,8.71700529358244,8.55738381119428,-0.063794186919832,0.032813795204507,-0.032113229302148,0.00113283758682306,-0.0154901958576625,0.73516969159294,2.8070907679837,-0.628524172162399,NA,NA,NA,431.447400374145,900.879142240314,623.443633354991,6.28228363597722,6.94690701133358,6.6145953236554,-0.0920727159029053,0.0577440671325522,-0.0429428298479899,0.00861418107763677,-0.0171643243851765,0.673320716364608,1.03676099072371,-0.449101321391297,"United States","New York","New York City",0.00104764204372004
"42",2020-04-12,NA,"7270561f",NA,9448,714,105939,5099,8336817,3,"United States","New York","New York City",TRUE,9448,4168.97893130309,5863.47050919898,4944.15665378511,8.38226738854953,8.70151984212371,8.54189361533662,-0.0688843553905337,0.0277237415017075,-0.0372033601366528,-0.00395725375217342,-0.0205803069444131,0.798157347206918,2.8070907679837,-0.835057551062653,NA,NA,NA,527.064603610724,1099.29154399857,761.181753518978,6.26512590370347,6.92973609483698,6.59743099927022,-0.102326863103877,0.047480020268654,-0.0532002234763759,-0.00164661935884718,-0.0274234214176115,0.763490645617321,1.03676099072371,-0.717576083306175,"United States","New York","New York City",0.0011332862410198
"43",2020-04-13,NA,"7270561f",NA,10096,648,109706,3767,8336817,3,"United States","New York","New York City",FALSE,10096,3630.82901648297,5105.12313537278,4305.3256802047,8.36168172829277,8.68094488849165,8.52131330839221,-0.0740876132484805,0.0225213431729871,-0.0424063361264931,-0.0091599339490003,-0.0257831350377467,0.852255475809379,2.8070907679837,-1.0461559249653,NA,NA,NA,473.218508953371,984.647505519567,682.607811562852,6.23769996964539,6.90231518605984,6.57000757785261,-0.1106280471123,0.0391738000353789,-0.0615030590297598,-0.00995118804716093,-0.0357271235384604,0.825076647612157,1.03676099072371,-0.934886675163147,"United States","New York","New York City",0.00121101374781286
"44",2020-04-14,NA,"7270561f",NA,10857,761,113632,3926,8336817,3,"United States","New York","New York City",FALSE,10857,3746.34777741144,5268.67686303281,4442.78019439653,8.33589335401486,8.65516699269406,8.49553017335446,-0.0805019722329462,0.0161087028188985,-0.048820131515126,-0.0155731378989217,-0.0321966347070239,0.904285213635426,2.8070907679837,-1.30636173311687,NA,NA,NA,510.123619938378,1062.54186723918,736.225307668879,6.20196351658491,6.8665973920434,6.53428045431415,-0.117109745760716,0.0326903957718202,-0.0679853170058823,-0.0164340329830135,-0.0422096749944479,0.865318547056118,1.03676099072371,-1.10453090286687,"United States","New York","New York City",0.00130229558835225
"45",2020-04-15,NA,"7270561f",NA,11566,709,121653,8021,8336817,3,"United States","New York","New York City",FALSE,11566,4011.74990494484,5641.37506544475,4757.28766026989,8.30369133394291,8.62297574335197,8.46333353864744,-0.0891487506033238,0.007464092726079,-0.057466198835465,-0.0242184590417798,-0.0408423289386224,0.951252300377359,2.8070907679837,-1.65711909526372,NA,NA,NA,427.246190355914,891.558043339703,617.182936817003,6.15973879366957,6.82440276496983,6.4920707793197,-0.121682306433127,0.0281184186632739,-0.0725576863083705,-0.0210062014614823,-0.0467819438849264,0.889556321549235,1.03676099072371,-1.22417198023873,"United States","New York","New York City",0.0013873400363712
"46",2020-04-16,NA,"7270561f",NA,12109,543,126623,4970,8336817,3,"United States","New York","New York City",FALSE,12109,4182.03632380002,5880.36501451437,4959.0220898784,8.26284257929869,8.58213984011893,8.42249120970881,-0.0940014735156773,0.00261335279506097,-0.0623182714625494,-0.0290698492580669,-0.0456940603603081,0.968125634726124,2.8070907679837,-1.85393310806272,NA,NA,NA,558.665347544267,1162.52012675799,805.890631936156,6.11293679898999,6.77764087187956,6.44528883543478,-0.123951527209998,0.0258511554181405,-0.0748262651457389,-0.0232741066461186,-0.0490501858959288,0.900343217518419,1.03676099072371,-1.28350969561285,"United States","New York","New York City",0.00145247280826723
"47",2020-04-17,NA,"7270561f",NA,12283,174,131003,4380,8336817,3,"United States","New York","New York City",FALSE,12283,4027.00682781986,5662.17549915628,4775.10412403925,8.21714026187148,8.53645403682553,8.3767971493485,-0.0950404898275749,0.00157572907783154,-0.0633568310965237,-0.0301079296532197,-0.0467323803748717,0.971022176950284,2.8070907679837,-1.89603326406824,NA,NA,NA,390.724983013122,814.374120234565,564.088924102376,6.06386171103935,6.72861558803835,6.39623864953885,-0.124781391667605,0.0250243556227127,-0.0756551245990962,-0.0241019114457965,-0.0498785180224464,0.904080506000634,1.03676099072371,-1.30515818911502,"United States","New York","New York City",0.00147334408323944
"48",2020-04-18,NA,"7270561f",NA,12411,128,135052,4049,8336817,3,"United States","New York","New York City",TRUE,12411,3869.45796732509,5440.52761032143,4588.23418192777,8.17039772016188,8.48973181778538,8.33006476897363,-0.0929926561262797,0.00362439668797627,-0.0613087239288923,-0.0280595355094112,-0.0446841297191517,0.965077586168555,2.8070907679837,-1.81291567852773,NA,NA,NA,329.917063990432,688.975029673826,476.764741725633,6.01395437068037,6.67876589235244,6.3463601315164,-0.126001643005903,0.023808729731875,-0.0768738590999471,-0.025319054174081,-0.051096456637014,0.909386460352183,1.03676099072371,-1.33698639040774,"United States","New York","New York City",0.0014886976648282
"49",2020-04-19,NA,"7270561f",NA,13632,1221,138370,3318,8336817,3,"United States","New York","New York City",TRUE,13632,3225.56839879232,4537.05297127028,3825.51626421536,8.12570228174838,8.44505899676058,8.28538063925448,-0.0888905561089213,0.00772745750017467,-0.0572063088350781,-0.0239567897736685,-0.0405815493043733,0.950164449955484,2.8070907679837,-1.64645022397604,NA,NA,NA,389.573576330699,812.695851552228,562.676487298273,5.96282571280361,6.62770163695516,6.29526367487939,-0.129545763641859,0.0202706965170421,-0.0804159834688622,-0.0288590836559547,-0.0546375335624085,0.923581757169943,1.03676099072371,-1.42958387713657,"United States","New York","New York City",0.00163515643920216
"50",2020-04-20,NA,"7270561f",NA,14074,442,140881,2511,8336817,3,"United States","New York","New York City",FALSE,14074,2753.55300096123,3872.05377802078,3265.2573099761,8.08510973683438,8.40448844306584,8.24479908995011,-0.0838990370153454,0.0127209881228953,-0.0522141300944608,-0.0189639187979892,-0.035589024446225,0.925611726647678,2.8070907679837,-1.44386644610609,NA,NA,NA,340.368563135638,708.428437013761,491.046605925343,5.90815199030253,6.57310029233143,6.24062614131698,-0.132318269318062,0.0175052754478064,-0.0831861658677524,-0.0316268280025027,-0.0574064969351276,0.93344659196842,1.03676099072371,-1.50196241381537,"United States","New York","New York City",0.00168817427562582
"51",2020-04-21,NA,"7270561f",NA,14513,439,143547,2666,8336817,3,"United States","New York","New York City",FALSE,14513,2813.42485673758,3957.12572083575,3336.62641963929,8.04951101171977,8.368909119288,8.20921006550388,-0.0800441259420895,0.0165791929071718,-0.0483581389042523,-0.0151067941306653,-0.0317324665174588,0.90101555731585,2.8070907679837,-1.28735986831233,NA,NA,NA,359.034744524969,748.096221289135,518.259139514818,5.85070468844003,6.51573460032367,6.18321964438185,-0.134583041615108,0.0152482522875171,-0.0854483969661546,-0.0338863923614359,-0.0596673946637952,0.940742249815353,1.03676099072371,-1.56103496868123,"United States","New York","New York City",0.00174083226248099
"52",2020-04-22,NA,"7270561f",NA,14959,446,146787,3240,8336817,3,"United States","New York","New York City",FALSE,14959,3014.12556466093,4239.02688224079,3574.48727722548,8.01776960265847,8.33718559531438,8.17747759898642,-0.0790885111791233,0.0175388602501603,-0.0474011951660493,-0.0141484557629138,-0.0307748254644815,0.894068090636934,2.8070907679837,-1.24845680160167,NA,NA,NA,295.490066577639,616.87022414224,426.941475616452,5.79099103266033,6.45611346677578,6.12355224971806,-0.136744468995526,0.0130951579900789,-0.0876070916526184,-0.0360422193528287,-0.0618246555027236,0.947102277704982,1.03676099072371,-1.6173838734072,"United States","New York","New York City",0.0017943298983293
"53",2020-04-23,NA,"7270561f",NA,15361,402,150327,3540,8336817,3,"United States","New York","New York City",FALSE,15361,3173.84943922198,4463.32974155378,3763.76627825018,7.98698497846396,8.30642056857992,8.14670277352194,-0.0818528008593612,0.0147785320252154,-0.0501641857538676,-0.0169100830802782,-0.0335371344170729,0.913157942805076,2.8070907679837,-1.36046091138277,NA,NA,NA,380.606388644522,792.353680916296,549.158331469846,5.72911423399358,6.3943409544371,6.06172759421534,-0.138684518130303,0.0111637773247984,-0.0895442981090919,-0.0379764426964127,-0.0637603704027523,0.952334917866227,1.03676099072371,-1.66792727605997,"United States","New York","New York City",0.00184254974050648
"54",2020-04-24,NA,"7270561f",NA,15754,393,155081,4754,8336817,3,"United States","New York","New York City",FALSE,15754,3093.56310889585,4350.30084640083,3668.50517391266,7.95343552011771,8.27289575809203,8.11316563910487,-0.0888584836406241,0.00777614739092292,-0.057168786963483,-0.0239135492862181,-0.0405411681248506,0.949966516534305,2.8070907679837,-1.64452905894472,NA,NA,NA,262.294996149894,546.9794047939,378.774287504428,5.66529520401867,6.3306392436065,5.99796722381258,-0.14111202723508,0.0087455743947886,-0.0919687554108821,-0.0403976974294091,-0.0661832264201456,0.958291950543165,1.03676099072371,-1.7312000025802,"United States","New York","New York City",0.0018896900339782
"55",2020-04-25,NA,"7270561f",NA,16146,392,159851,4770,8336817,3,"United States","New York","New York City",TRUE,16146,2990.9791487964,4205.98737734975,3546.83246654729,7.91287869838933,8.23237024357071,8.07262447098002,-0.0975089761154291,-0.000871719654999652,-0.0658184184731864,-0.0325622772972424,-0.0491903478852144,0.976996213643176,2.8070907679837,-1.99532382795851,NA,NA,NA,217.880974792141,455.294806653407,314.960436073237,5.5990476170844,6.26452037770047,5.93178399739244,-0.143928379005396,0.00594017095550439,-0.0947815168607734,-0.0432066911891179,-0.0689941040249457,0.964430897893651,1.03676099072371,-1.80459421365968,"United States","New York","New York City",0.00193671037759375
"56",2020-04-26,NA,"7270561f",NA,16486,340,163106,3255,8336817,3,"United States","New York","New York City",TRUE,16486,2482.04289070963,3491.78078184533,2943.9343853924,7.86366970761741,8.18319853857219,8.0234341230948,-0.104778897499591,-0.00813884898954066,-0.0730874242517868,-0.0398303222373447,-0.0564588732445657,0.988992042276001,2.8070907679837,-2.29009318337735,NA,NA,NA,252.709097913372,527.539160514244,365.12182263942,5.52998388332766,6.19559590340732,5.86278989336749,-0.146488981826155,0.0033921208501302,-0.0973380032303311,-0.0457588577456937,-0.0715484304880124,0.969344633631772,1.03676099072371,-1.87124786784825,"United States","New York","New York City",0.00197749332868888
"57",2020-04-27,NA,"7270561f",NA,16821,335,165463,2357,8336817,3,"United States","New York","New York City",FALSE,16821,2085.43624053013,2933.07509969499,2473.20462337843,7.8071906450303,8.12675985467018,7.96697524985024,-0.109742652829262,-0.0130984402530465,-0.0780498140462217,-0.0447912790360869,-0.0614205465411543,0.993635130312069,2.8070907679837,-2.49124196726199,NA,NA,NA,217.080577901077,452.16181754947,313.297859326297,5.45835952479842,6.12412340096054,5.79124146287948,-0.148975090240422,0.00091960919723684,-0.0998196528161312,-0.0482358282270539,-0.0740277405215925,0.973560949368235,1.03676099072371,-1.93591509004014,"United States","New York","New York City",0.00201767653050319
"58",2020-04-28,NA,"7270561f",NA,17206,385,167487,2024,8336817,3,"United States","New York","New York City",FALSE,17206,2076.42374195857,2921.10713894709,2462.8146938238,7.74574946003158,8.06535994658658,7.90555470330908,-0.112811830181118,-0.0161617400676796,-0.0811170639589206,-0.0478565062898774,-0.064486785124399,0.995544511701726,2.8070907679837,-2.61545077038725,NA,NA,NA,225.204302184242,469.623321158178,325.209459165741,5.38424873194864,6.05017871276713,5.71721372235789,-0.151203956223703,-0.00129504879625796,-0.102043859528901,-0.0504551454910599,-0.0762495025099806,0.976914565611166,1.03676099072371,-1.99382786951455,"United States","New York","New York City",0.00206385722512561
"59",2020-04-29,NA,"7270561f",NA,17597,391,170124,2637,8336817,3,"United States","New York","New York City",FALSE,17597,2152.84138792147,3028.40351158416,2553.3649208574,7.68124096129544,8.00089487507393,7.84106791818468,-0.11554619022833,-0.0188892222878864,-0.0838491685388193,-0.050586243977397,-0.0672177062581081,0.996794818082917,2.8070907679837,-2.7260173000763,NA,NA,NA,182.290234903688,380.892702552531,263.501461516633,5.30790807122659,5.97402036846922,5.64096421984791,-0.15269086539911,-0.00276729258505748,-0.103525959438228,-0.0519321985459402,-0.077729078992084,0.978939268404763,1.03676099072371,-2.03231810070195,"United States","New York","New York City",0.002110757618885
"60",2020-04-30,NA,"7270561f",NA,17809,212,172784,2660,8336817,3,"United States","New York","New York City",FALSE,17809,2185.76906040694,3074.57717915073,2592.35716521102,7.61399864566803,7.93370177818512,7.77385021192658,-0.117658279483847,-0.0209946194817546,-0.0859590632456373,-0.052693835719964,-0.0693264494828007,0.997533240693654,2.8070907679837,-2.81134283885762,NA,NA,NA,231.087855874314,481.540685942795,333.58387945278,5.23007955284978,5.89639072886187,5.56323514085582,-0.152162747729872,-0.00222444555290778,-0.102993011522959,-0.0513941817598207,-0.0771935966413901,0.978210566045005,1.03676099072371,-2.01811901372164,"United States","New York","New York City",0.00213618698839137
